{"frame_id":21,"timestamp_ms":1757512126945,"intrinsics":{"fx":2966.53759765625,"fy":2964.373779296875,"cx":1952.0,"cy":1098.0,"width":3904,"height":2196},"session_id":"room-001"}