{"frame_id":20,"timestamp_ms":1757512125041,"intrinsics":{"fx":2972.591552734375,"fy":2970.23828125,"cx":1952.0,"cy":1098.0,"width":3904,"height":2196},"session_id":"room-001"}