{"frame_id":22,"timestamp_ms":1757512128821,"intrinsics":{"fx":2976.6279296875,"fy":2974.1484375,"cx":1952.0,"cy":1098.0,"width":3904,"height":2196},"session_id":"room-001"}