{"frame_id":3,"timestamp_ms":1757512351599,"intrinsics":{"fx":2961.491943359375,"fy":2959.486083984375,"cx":1952.0,"cy":1098.0,"width":3904,"height":2196},"session_id":"room-001"}