{"frame_id":38,"timestamp_ms":1757511468483,"intrinsics":{"fx":1901.791748046875,"fy":1901.791748046875,"cx":1952.0,"cy":1098.0,"width":3904,"height":2196},"session_id":"room-001"}