{"frame_id":16,"timestamp_ms":1757512117396,"intrinsics":{"fx":2963.5107421875,"fy":2961.44140625,"cx":1952.0,"cy":1098.0,"width":3904,"height":2196},"session_id":"room-001"}