{"frame_id":18,"timestamp_ms":1757460565910,"intrinsics":{"fx":2984.689697265625,"fy":2987.435302734375,"cx":1952.0,"cy":1100.0,"width":3904,"height":2200},"session_id":"room-001"}