{"frame_id":2,"timestamp_ms":1757460532472,"intrinsics":{"fx":2965.528564453125,"fy":2968.7939453125,"cx":1952.0,"cy":1100.0,"width":3904,"height":2200},"session_id":"room-001"}