{"frame_id":10,"timestamp_ms":1757460548713,"intrinsics":{"fx":2966.53759765625,"fy":2969.7734375,"cx":1952.0,"cy":1100.0,"width":3904,"height":2200},"session_id":"room-001"}