{"frame_id":3,"timestamp_ms":1757460534433,"intrinsics":{"fx":2989.72119140625,"fy":2992.37548828125,"cx":1952.0,"cy":1100.0,"width":3904,"height":2200},"session_id":"room-001"}