{"frame_id":0,"timestamp_ms":5391,"intrinsics":{"fx":224.260986328125,"fy":290.9845275878906,"cx":128.0,"cy":168.0,"width":256,"height":336},"session_id":"room-001"}