{"frame_id":8,"timestamp_ms":1757460544551,"intrinsics":{"fx":2961.491943359375,"fy":2964.876708984375,"cx":1952.0,"cy":1100.0,"width":3904,"height":2200},"session_id":"room-001"}